,Model,Prompt Type,Question type,Question,LLM Response,Correct answer,Eval
0,MISTRALAI/MIXTRAL-8X7B-INSTRUCT-V0.1,zero_shot,multi,"Subword is a standalone word that exists within a longer word that contains it, and its meaning is arbitrary from the longer word one's.
Question: Which one of the following words contains a subword of a color?
    A. lower
    B. turned
    C. incredible
    D. stopped
Answer: [Your answer here, just the correspond letter and the word, without any explanation or additional text]"," C. incredible

Explanation:
incredible contains the subword ""red,"" which is a color. The other options do not contain a subword that is a color.",C,True
1,MISTRALAI/MIXTRAL-8X7B-INSTRUCT-V0.1,zero_shot,classification,"Subword is a standalone word that exists within a longer word that contains it, and its meaning is arbitrary from the longer word one's.
Question: Does the word ""incredible"" contains a subword of a color?
Answer: [Your answer here, just Yes/No, without any explanation or additional text]"," Yes, the word ""incredible"" contains the subword ""red,"" which is a color.",yes,True
2,MISTRALAI/MIXTRAL-8X7B-INSTRUCT-V0.1,zero_shot,classification,"Subword is a standalone word that exists within a longer word that contains it, and its meaning is arbitrary from the longer word one's.
Question: Does the word ""stopped"" contains a subword of a color?
Answer: [Your answer here, just Yes/No, without any explanation or additional text]", No.,No,True
3,MISTRALAI/MIXTRAL-8X7B-INSTRUCT-V0.1,one_shot,multi,"### example question ###
Subword is a standalone word that exists within a longer word that contains it, and its meaning is arbitrary from the longer word one's.
Question: Which one of the following words contains a subword of a color?
    A. house
    B. lamp
    C. book
    D. credit
Answer: D. credit

### actual question ###
Subword is a standalone word that exists within a longer word that contains it, and its meaning is arbitrary from the longer word one's.
Question: Which one of the following words contains a subword of a color?
    A. turned
    B. incredible
    C. lower
    D. stopped
Answer: [Your answer here, just the correspond letter and the word, without any explanation or additional text]"," B. incredible

(Explanation: The subword ""color"" is found in the word ""incredible"".)",B,True
4,MISTRALAI/MIXTRAL-8X7B-INSTRUCT-V0.1,one_shot,classification,"### example question ###
Subword is a standalone word that exists within a longer word that contains it, and its meaning is arbitrary from the longer word one's.
Question: Does the word ""credit"" contains a subword of a color?
Answer: Yes.

### actual question ###
Subword is a standalone word that exists within a longer word that contains it, and its meaning is arbitrary from the longer word one's.
Question: Does the word ""incredible"" contains a subword of a color?
Answer: [Your answer here, just Yes/No, without any explanation or additional text]", Yes.,yes,True
5,MISTRALAI/MIXTRAL-8X7B-INSTRUCT-V0.1,one_shot,classification,"### example question ###
Subword is a standalone word that exists within a longer word that contains it, and its meaning is arbitrary from the longer word one's.
Question: Does the word ""credit"" contains a subword of a color?
Answer: Yes.

### actual question ###
Subword is a standalone word that exists within a longer word that contains it, and its meaning is arbitrary from the longer word one's.
Question: Does the word ""stopped"" contains a subword of a color?
Answer: [Your answer here, just Yes/No, without any explanation or additional text]"," Yes.

The word ""stopped"" contains the subword ""stop,"" which is a standalone word and has a meaning that is arbitrary from the longer word ""stopped."" The subword ""stop"" does not refer to a color, but the question only asks whether the word ""stopped"" contains a subword of a color, not whether the subword itself refers to a color. Therefore, the answer is yes.",No,False
6,MISTRALAI/MIXTRAL-8X7B-INSTRUCT-V0.1,few_shot,multi,"### example question 1 ###
Subword is a standalone word that exists within a longer word that contains it, and its meaning is arbitrary from the longer word one's.
Question: Which one of the following words contains a subword of a color?
    A. credit
    B. house
    C. lamp
    D. book
Answer: A. credit

### example question 2 ###
Subword is a standalone word that exists within a longer word that contains it, and its meaning is arbitrary from the longer word one's.
Question: Which one of the following words contains a subword of a color?
    A. shoes
    B. blueprint
    C. phone
    D. guitar
Answer: B. blueprint

### example question 3 ###
Subword is a standalone word that exists within a longer word that contains it, and its meaning is arbitrary from the longer word one's.
Question: Which one of the following words contains a subword of a color?
    A. truck
    B. wallet
    C. stingray
    D. lantern
Answer: C. stingray

### example question 4 ###
Subword is a standalone word that exists within a longer word that contains it, and its meaning is arbitrary from the longer word one's.
Question: Which one of the following words contains a subword of a color?
    A. television
    B. blanket
    C. picked
    D. marigold
Answer: D. marigold

### actual question ###
Subword is a standalone word that exists within a longer word that contains it, and its meaning is arbitrary from the longer word one's.
Question: Which one of the following words contains a subword of a color?
    A. incredible
    B. lower
    C. stopped
    D. turned
Answer: [Your answer here, just the correspond letter and the word, without any explanation or additional text]", A. Incredible,A,True
7,MISTRALAI/MIXTRAL-8X7B-INSTRUCT-V0.1,few_shot,classification,"### example question 1 ###
Subword is a standalone word that exists within a longer word that contains it, and its meaning is arbitrary from the longer word one's.
Question: Does the word ""credit"" contains a subword of a color?
Answer: Yes.

### example question 2 ###
Subword is a standalone word that exists within a longer word that contains it, and its meaning is arbitrary from the longer word one's.
Question: Does the word ""house"" contains a subword of a color?
Answer: No.

### example question 3 ###
Subword is a standalone word that exists within a longer word that contains it, and its meaning is arbitrary from the longer word one's.
Question: Does the word ""blueprint"" contains a subword of a color?
Answer: Yes.

### example question 4 ###
Subword is a standalone word that exists within a longer word that contains it, and its meaning is arbitrary from the longer word one's.
Question: Does the word ""lamp"" contains a subword of a color?
Answer: No.

### actual question ###
Subword is a standalone word that exists within a longer word that contains it, and its meaning is arbitrary from the longer word one's.
Question: Does the word ""incredible"" contains a subword of a color?
Answer: [Your answer here, just Yes/No, without any explanation or additional text]", Yes.,yes,True
8,MISTRALAI/MIXTRAL-8X7B-INSTRUCT-V0.1,few_shot,classification,"### example question 1 ###
Subword is a standalone word that exists within a longer word that contains it, and its meaning is arbitrary from the longer word one's.
Question: Does the word ""credit"" contains a subword of a color?
Answer: Yes.

### example question 2 ###
Subword is a standalone word that exists within a longer word that contains it, and its meaning is arbitrary from the longer word one's.
Question: Does the word ""house"" contains a subword of a color?
Answer: No.

### example question 3 ###
Subword is a standalone word that exists within a longer word that contains it, and its meaning is arbitrary from the longer word one's.
Question: Does the word ""blueprint"" contains a subword of a color?
Answer: Yes.

### example question 4 ###
Subword is a standalone word that exists within a longer word that contains it, and its meaning is arbitrary from the longer word one's.
Question: Does the word ""lamp"" contains a subword of a color?
Answer: No.

### actual question ###
Subword is a standalone word that exists within a longer word that contains it, and its meaning is arbitrary from the longer word one's.
Question: Does the word ""lower"" contains a subword of a color?
Answer: [Your answer here, just Yes/No, without any explanation or additional text]", No.,No,True
9,MISTRALAI/MIXTRAL-8X7B-INSTRUCT-V0.1,CoT-one,multi,"### example question ###
Subword is a standalone word that exists within a longer word that contains it, and its meaning is arbitrary from the longer word one's.
Question: Which one of the following words contains a subword of a color?
    A. house
    B. lamp
    C. credit
    D. book
Answer: C. Since the word credit contains the subword red, which is a color, the correct answer is C. credit.

### actual question ###
Subword is a standalone word that exists within a longer word that contains it, and its meaning is arbitrary from the longer word one's.
Question: Which one of the following words contains a subword of a color?
    A. lower
    B. turned
    C. stopped
    D. incredible
Answer: [Your answer here, just the correspond letter and the word, without any explanation or additional text]"," D. incredible. The subword ""red"" is a color and can be found in the word ""incredible"".",D,True
10,MISTRALAI/MIXTRAL-8X7B-INSTRUCT-V0.1,CoT-one,classification,"### example question ###
Subword is a standalone word that exists within a longer word that contains it, and its meaning is arbitrary from the longer word one's.
Question: Does the word ""credit"" contains a subword of a color?
Answer: Yes. Since the word credit contains the subword red, which is a color, the correct answer is Yes.

### actual question ###
Subword is a standalone word that exists within a longer word that contains it, and its meaning is arbitrary from the longer word one's.
Question: Does the word ""incredible"" contains a subword of a color?
Answer: [Your answer here, just Yes/No, without any explanation or additional text]", Yes.,yes,True
11,MISTRALAI/MIXTRAL-8X7B-INSTRUCT-V0.1,CoT-one,classification,"### example question ###
Subword is a standalone word that exists within a longer word that contains it, and its meaning is arbitrary from the longer word one's.
Question: Does the word ""credit"" contains a subword of a color?
Answer: Yes. Since the word credit contains the subword red, which is a color, the correct answer is Yes.

### actual question ###
Subword is a standalone word that exists within a longer word that contains it, and its meaning is arbitrary from the longer word one's.
Question: Does the word ""stopped"" contains a subword of a color?
Answer: [Your answer here, just Yes/No, without any explanation or additional text]"," Yes. The word ""stopped"" contains the subword ""stop,"" which is not a color. However, it also contains the subword ""red,"" which is a color. Therefore, the correct answer is Yes.",No,False
12,MISTRALAI/MIXTRAL-8X7B-INSTRUCT-V0.1,CoT-few,multi,"### example question 1 ###
Subword is a standalone word that exists within a longer word that contains it, and its meaning is arbitrary from the longer word one's.
Question: Which one of the following words contains a subword of a color?
    A. credit
    B. house
    C. lamp
    D. book
Answer: A. Since the word credit contains the subword red, which is a color, the correct answer is A. credit.

### example question 2 ###
Subword is a standalone word that exists within a longer word that contains it, and its meaning is arbitrary from the longer word one's.
Question: Which one of the following words contains a subword of a color?
    A. shoes
    B. blueprint
    C. phone
    D. guitar
Answer: B. Since the word blueprint contains the subword blue, which is a color, the correct answer is B. blueprint.

### example question 3 ###
Subword is a standalone word that exists within a longer word that contains it, and its meaning is arbitrary from the longer word one's.
Question: Which one of the following words contains a subword of a color?
    A. truck
    B. wallet
    C. stingray
    D. lantern
Answer: C. Since the word stingray contains the subword gray, which is a color, the correct answer is C. stingray.

### example question 4 ###
Subword is a standalone word that exists within a longer word that contains it, and its meaning is arbitrary from the longer word one's.
Question: Which one of the following words contains a subword of a color?
    A. television
    B. blanket
    C. picked
    D. marigold
Answer: D. Since the word marigold contains the subword gold, which is a color, the correct answer is D. marigold.

### actual question ###
Subword is a standalone word that exists within a longer word that contains it, and its meaning is arbitrary from the longer word one's.
Question: Which one of the following words contains a subword of a color?
    A. stopped
    B. incredible
    C. lower
    D. turned
Answer: [Your answer here, just the correspond letter and the word, without any explanation or additional text]"," B. Incredible, since it contains the subword ""red"" which is a color.",B,True
13,MISTRALAI/MIXTRAL-8X7B-INSTRUCT-V0.1,CoT-few,classification,"### example question 1 ###
Subword is a standalone word that exists within a longer word that contains it, and its meaning is arbitrary from the longer word one's.
Question: Does the word ""credit"" contains a subword of a color?
Answer: Yes. Since the word credit contains the subword red, which is a color, the correct answer is Yes.

### example question 2 ###
Subword is a standalone word that exists within a longer word that contains it, and its meaning is arbitrary from the longer word one's.
Question: Does the word ""house"" contains a subword of a color?
Answer: No. Since the word house doesnt contains any subword of a color, the correct answer is No.

### example question 3 ###
Subword is a standalone word that exists within a longer word that contains it, and its meaning is arbitrary from the longer word one's.
Question: Does the word ""blueprint"" contains a subword of a color?
Answer: Yes. Since the word blueprint contains the subword blue, which is a color, the correct answer is Yes.

### example question 4 ###
Subword is a standalone word that exists within a longer word that contains it, and its meaning is arbitrary from the longer word one's.
Question: Does the word ""lamp"" contains a subword of a color?
Answer: No. Since the word lamp doesnt contains any subword of a color, the correct answer is No.

### actual question ###
Subword is a standalone word that exists within a longer word that contains it, and its meaning is arbitrary from the longer word one's.
Question: Does the word ""incredible"" contains a subword of a color?
Answer: [Your answer here, just Yes/No, without any explanation or additional text]"," Yes.

Explanation: The word ""incredible"" contains the subword ""red,"" which is a color.",yes,True
14,MISTRALAI/MIXTRAL-8X7B-INSTRUCT-V0.1,CoT-few,classification,"### example question 1 ###
Subword is a standalone word that exists within a longer word that contains it, and its meaning is arbitrary from the longer word one's.
Question: Does the word ""credit"" contains a subword of a color?
Answer: Yes. Since the word credit contains the subword red, which is a color, the correct answer is Yes.

### example question 2 ###
Subword is a standalone word that exists within a longer word that contains it, and its meaning is arbitrary from the longer word one's.
Question: Does the word ""house"" contains a subword of a color?
Answer: No. Since the word house doesnt contains any subword of a color, the correct answer is No.

### example question 3 ###
Subword is a standalone word that exists within a longer word that contains it, and its meaning is arbitrary from the longer word one's.
Question: Does the word ""blueprint"" contains a subword of a color?
Answer: Yes. Since the word blueprint contains the subword blue, which is a color, the correct answer is Yes.

### example question 4 ###
Subword is a standalone word that exists within a longer word that contains it, and its meaning is arbitrary from the longer word one's.
Question: Does the word ""lamp"" contains a subword of a color?
Answer: No. Since the word lamp doesnt contains any subword of a color, the correct answer is No.

### actual question ###
Subword is a standalone word that exists within a longer word that contains it, and its meaning is arbitrary from the longer word one's.
Question: Does the word ""turned"" contains a subword of a color?
Answer: [Your answer here, just Yes/No, without any explanation or additional text]", No.,No,True
15,MISTRALAI/MIXTRAL-8X7B-INSTRUCT-V0.1,decomposite,multi,"Read the question below and understand what the question is asking for and the criteria for selecting the correct answer. 
Examine each word provided in the options carefully and Break down each word into its component parts or subwords.
Determine if any of the subwords within each word match the name of a color. 
Choose the word that contains a subword of a color according to the criteria given in the question.
Verify your answer, double-check your selection to ensure it meets all the requirements specified in the question.
Subword is a standalone word that exists within a longer word that contains it, and its meaning is arbitrary from the longer word one's.
Question: Which one of the following words contains a subword of a color?
    A. turned
    B. incredible
    C. stopped
    D. lower
Answer: [Your answer here, just the correspond letter and the word, without any explanation or additional text]"," B. incredible

Explanation:
The word ""incredible"" contains the subword ""red,"" which is a color. Therefore, the word ""incredible"" meets the criteria of containing a subword of a color.

Here's how we arrived at this answer:

A. turned - There are no subwords in ""turned"" that match the name of a color.
B. incredible - The subword ""red"" is a color",B,True
16,MISTRALAI/MIXTRAL-8X7B-INSTRUCT-V0.1,decomposite,classification,"Read the question below and understand what the question is asking for and the criteria for determine the correct answer. 
Examine the word provided in the question carefully and Break it down into its component parts or subwords.
Determine if any of the subwords within the word match the name of a color. 
Answer with ""Yes"" or ""No"" only, without explanations.
Verify your answer, double-check your classification to ensure it meets all the requirements specified in the question.
Subword is a standalone word that exists within a longer word that contains it, and its meaning is arbitrary from the longer word one's.
Question: Does the word ""incredible"" contains a subword of a color?
Answer: [Your answer here, just Yes/No, without any explanation or additional text]", Yes,yes,True
17,MISTRALAI/MIXTRAL-8X7B-INSTRUCT-V0.1,decomposite,classification,"Read the question below and understand what the question is asking for and the criteria for determine the correct answer. 
Examine the word provided in the question carefully and Break it down into its component parts or subwords.
Determine if any of the subwords within the word match the name of a color. 
Answer with ""Yes"" or ""No"" only, without explanations.
Verify your answer, double-check your classification to ensure it meets all the requirements specified in the question.
Subword is a standalone word that exists within a longer word that contains it, and its meaning is arbitrary from the longer word one's.
Question: Does the word ""turned"" contains a subword of a color?
Answer: [Your answer here, just Yes/No, without any explanation or additional text]", No.,No,True
18,allenai/OLMo-7B-Instruct,zero_shot,multi,"Subword is a standalone word that exists within a longer word that contains it, and its meaning is arbitrary from the longer word one's.
Question: Which one of the following words contains a subword of a color?
    A. stopped
    B. turned
    C. incredible
    D. lower
Answer: [Your answer here, just the correspond letter and the word, without any explanation or additional text]","The word containing a subword of a color is:

C. incredible

A subword of ""incredible"" is ""re"" which stands for ""notable"" or ""wonderful.""",C,False
19,allenai/OLMo-7B-Instruct,zero_shot,classification,"Subword is a standalone word that exists within a longer word that contains it, and its meaning is arbitrary from the longer word one's.
Question: Does the word ""incredible"" contains a subword of a color?
Answer: [Your answer here, just Yes/No, without any explanation or additional text]","[No, the word ""incredible"" does not contains a subword of a color.]",yes,False
20,allenai/OLMo-7B-Instruct,zero_shot,classification,"Subword is a standalone word that exists within a longer word that contains it, and its meaning is arbitrary from the longer word one's.
Question: Does the word ""stopped"" contains a subword of a color?
Answer: [Your answer here, just Yes/No, without any explanation or additional text]",[No],No,True
21,allenai/OLMo-7B-Instruct,one_shot,multi,"### example question ###
Subword is a standalone word that exists within a longer word that contains it, and its meaning is arbitrary from the longer word one's.
Question: Which one of the following words contains a subword of a color?
    A. house
    B. lamp
    C. credit
    D. book
Answer: C. credit

### actual question ###
Subword is a standalone word that exists within a longer word that contains it, and its meaning is arbitrary from the longer word one's.
Question: Which one of the following words contains a subword of a color?
    A. lower
    B. incredible
    C. turned
    D. stopped
Answer: [Your answer here, just the correspond letter and the word, without any explanation or additional text]","D. stopped

Explanation:
In the English language, a subword is a smaller unit of a word that retains its meaning when it is used in isolation or as a component of a larger unit. For example, in the word ""book,"" the subword ""bok"" is a subword.

In the word ""credit,"" the subword ""cr"" is a subword. It is a standalone word that exists within the longer word, and its meaning is arbitrary",B,False
22,allenai/OLMo-7B-Instruct,one_shot,classification,"### example question ###
Subword is a standalone word that exists within a longer word that contains it, and its meaning is arbitrary from the longer word one's.
Question: Does the word ""credit"" contains a subword of a color?
Answer: Yes.

### actual question ###
Subword is a standalone word that exists within a longer word that contains it, and its meaning is arbitrary from the longer word one's.
Question: Does the word ""incredible"" contains a subword of a color?
Answer: [Your answer here, just Yes/No, without any explanation or additional text]","No.

### Explanation ###

The word ""incredible"" itself is not a color, and it does not have any subwords that can be considered colors. The word ""incredible"" is a adjective, which means it describes a quality or state of being incredible. It is made up of the two words ""in"" which means ""not"" and ""credible,"" which means ""believable"" or ""worthy of belief."" So, there is no",yes,False
23,allenai/OLMo-7B-Instruct,one_shot,classification,"### example question ###
Subword is a standalone word that exists within a longer word that contains it, and its meaning is arbitrary from the longer word one's.
Question: Does the word ""credit"" contains a subword of a color?
Answer: Yes.

### actual question ###
Subword is a standalone word that exists within a longer word that contains it, and its meaning is arbitrary from the longer word one's.
Question: Does the word ""lower"" contains a subword of a color?
Answer: [Your answer here, just Yes/No, without any explanation or additional text]",No.,No,True
24,allenai/OLMo-7B-Instruct,few_shot,multi,"### example question 1 ###
Subword is a standalone word that exists within a longer word that contains it, and its meaning is arbitrary from the longer word one's.
Question: Which one of the following words contains a subword of a color?
    A. credit
    B. house
    C. lamp
    D. book
Answer: A. credit

### example question 2 ###
Subword is a standalone word that exists within a longer word that contains it, and its meaning is arbitrary from the longer word one's.
Question: Which one of the following words contains a subword of a color?
    A. shoes
    B. blueprint
    C. phone
    D. guitar
Answer: B. blueprint

### example question 3 ###
Subword is a standalone word that exists within a longer word that contains it, and its meaning is arbitrary from the longer word one's.
Question: Which one of the following words contains a subword of a color?
    A. truck
    B. wallet
    C. stingray
    D. lantern
Answer: C. stingray

### example question 4 ###
Subword is a standalone word that exists within a longer word that contains it, and its meaning is arbitrary from the longer word one's.
Question: Which one of the following words contains a subword of a color?
    A. television
    B. blanket
    C. picked
    D. marigold
Answer: D. marigold

### actual question ###
Subword is a standalone word that exists within a longer word that contains it, and its meaning is arbitrary from the longer word one's.
Question: Which one of the following words contains a subword of a color?
    A. turned
    B. stopped
    C. incredible
    D. lower
Answer: [Your answer here, just the correspond letter and the word, without any explanation or additional text]",D. lower,C,False
25,allenai/OLMo-7B-Instruct,few_shot,classification,"### example question 1 ###
Subword is a standalone word that exists within a longer word that contains it, and its meaning is arbitrary from the longer word one's.
Question: Does the word ""credit"" contains a subword of a color?
Answer: Yes.

### example question 2 ###
Subword is a standalone word that exists within a longer word that contains it, and its meaning is arbitrary from the longer word one's.
Question: Does the word ""house"" contains a subword of a color?
Answer: No.

### example question 3 ###
Subword is a standalone word that exists within a longer word that contains it, and its meaning is arbitrary from the longer word one's.
Question: Does the word ""blueprint"" contains a subword of a color?
Answer: Yes.

### example question 4 ###
Subword is a standalone word that exists within a longer word that contains it, and its meaning is arbitrary from the longer word one's.
Question: Does the word ""lamp"" contains a subword of a color?
Answer: No.

### actual question ###
Subword is a standalone word that exists within a longer word that contains it, and its meaning is arbitrary from the longer word one's.
Question: Does the word ""incredible"" contains a subword of a color?
Answer: [Your answer here, just Yes/No, without any explanation or additional text]",No.,yes,False
26,allenai/OLMo-7B-Instruct,few_shot,classification,"### example question 1 ###
Subword is a standalone word that exists within a longer word that contains it, and its meaning is arbitrary from the longer word one's.
Question: Does the word ""credit"" contains a subword of a color?
Answer: Yes.

### example question 2 ###
Subword is a standalone word that exists within a longer word that contains it, and its meaning is arbitrary from the longer word one's.
Question: Does the word ""house"" contains a subword of a color?
Answer: No.

### example question 3 ###
Subword is a standalone word that exists within a longer word that contains it, and its meaning is arbitrary from the longer word one's.
Question: Does the word ""blueprint"" contains a subword of a color?
Answer: Yes.

### example question 4 ###
Subword is a standalone word that exists within a longer word that contains it, and its meaning is arbitrary from the longer word one's.
Question: Does the word ""lamp"" contains a subword of a color?
Answer: No.

### actual question ###
Subword is a standalone word that exists within a longer word that contains it, and its meaning is arbitrary from the longer word one's.
Question: Does the word ""lower"" contains a subword of a color?
Answer: [Your answer here, just Yes/No, without any explanation or additional text]",No.,No,True
27,allenai/OLMo-7B-Instruct,CoT-one,multi,"### example question ###
Subword is a standalone word that exists within a longer word that contains it, and its meaning is arbitrary from the longer word one's.
Question: Which one of the following words contains a subword of a color?
    A. house
    B. credit
    C. lamp
    D. book
Answer: B. Since the word credit contains the subword red, which is a color, the correct answer is B. credit.

### actual question ###
Subword is a standalone word that exists within a longer word that contains it, and its meaning is arbitrary from the longer word one's.
Question: Which one of the following words contains a subword of a color?
    A. lower
    B. stopped
    C. incredible
    D. turned
Answer: [Your answer here, just the correspond letter and the word, without any explanation or additional text]","B. Since the word turned contains the subword red, which is a color, the correct answer is D. turned.",C,False
28,allenai/OLMo-7B-Instruct,CoT-one,classification,"### example question ###
Subword is a standalone word that exists within a longer word that contains it, and its meaning is arbitrary from the longer word one's.
Question: Does the word ""credit"" contains a subword of a color?
Answer: Yes. Since the word credit contains the subword red, which is a color, the correct answer is Yes.

### actual question ###
Subword is a standalone word that exists within a longer word that contains it, and its meaning is arbitrary from the longer word one's.
Question: Does the word ""incredible"" contains a subword of a color?
Answer: [Your answer here, just Yes/No, without any explanation or additional text]","No. Since the word incredible contains the subword wonderful, which is not a color, the answer is No.",yes,False
29,allenai/OLMo-7B-Instruct,CoT-one,classification,"### example question ###
Subword is a standalone word that exists within a longer word that contains it, and its meaning is arbitrary from the longer word one's.
Question: Does the word ""credit"" contains a subword of a color?
Answer: Yes. Since the word credit contains the subword red, which is a color, the correct answer is Yes.

### actual question ###
Subword is a standalone word that exists within a longer word that contains it, and its meaning is arbitrary from the longer word one's.
Question: Does the word ""stopped"" contains a subword of a color?
Answer: [Your answer here, just Yes/No, without any explanation or additional text]","No. Since the word stopped does not contain the subword of a color, red, the answer is No.",No,True
30,allenai/OLMo-7B-Instruct,CoT-few,multi,"### example question 1 ###
Subword is a standalone word that exists within a longer word that contains it, and its meaning is arbitrary from the longer word one's.
Question: Which one of the following words contains a subword of a color?
    A. credit
    B. house
    C. lamp
    D. book
Answer: A. Since the word credit contains the subword red, which is a color, the correct answer is A. credit.

### example question 2 ###
Subword is a standalone word that exists within a longer word that contains it, and its meaning is arbitrary from the longer word one's.
Question: Which one of the following words contains a subword of a color?
    A. shoes
    B. blueprint
    C. phone
    D. guitar
Answer: B. Since the word blueprint contains the subword blue, which is a color, the correct answer is B. blueprint.

### example question 3 ###
Subword is a standalone word that exists within a longer word that contains it, and its meaning is arbitrary from the longer word one's.
Question: Which one of the following words contains a subword of a color?
    A. truck
    B. wallet
    C. stingray
    D. lantern
Answer: C. Since the word stingray contains the subword gray, which is a color, the correct answer is C. stingray.

### example question 4 ###
Subword is a standalone word that exists within a longer word that contains it, and its meaning is arbitrary from the longer word one's.
Question: Which one of the following words contains a subword of a color?
    A. television
    B. blanket
    C. picked
    D. marigold
Answer: D. Since the word marigold contains the subword gold, which is a color, the correct answer is D. marigold.

### actual question ###
Subword is a standalone word that exists within a longer word that contains it, and its meaning is arbitrary from the longer word one's.
Question: Which one of the following words contains a subword of a color?
    A. incredible
    B. turned
    C. stopped
    D. lower
Answer: [Your answer here, just the correspond letter and the word, without any explanation or additional text]","A. Since the word ""incredible"" contains the subword blue, which is a color, the correct answer is A. incredible.",A,True
31,allenai/OLMo-7B-Instruct,CoT-few,classification,"### example question 1 ###
Subword is a standalone word that exists within a longer word that contains it, and its meaning is arbitrary from the longer word one's.
Question: Does the word ""credit"" contains a subword of a color?
Answer: Yes. Since the word credit contains the subword red, which is a color, the correct answer is Yes.

### example question 2 ###
Subword is a standalone word that exists within a longer word that contains it, and its meaning is arbitrary from the longer word one's.
Question: Does the word ""house"" contains a subword of a color?
Answer: No. Since the word house doesnt contains any subword of a color, the correct answer is No.

### example question 3 ###
Subword is a standalone word that exists within a longer word that contains it, and its meaning is arbitrary from the longer word one's.
Question: Does the word ""blueprint"" contains a subword of a color?
Answer: Yes. Since the word blueprint contains the subword blue, which is a color, the correct answer is Yes.

### example question 4 ###
Subword is a standalone word that exists within a longer word that contains it, and its meaning is arbitrary from the longer word one's.
Question: Does the word ""lamp"" contains a subword of a color?
Answer: No. Since the word lamp doesnt contains any subword of a color, the correct answer is No.

### actual question ###
Subword is a standalone word that exists within a longer word that contains it, and its meaning is arbitrary from the longer word one's.
Question: Does the word ""incredible"" contains a subword of a color?
Answer: [Your answer here, just Yes/No, without any explanation or additional text]","No. Since the word incredible doesnt contains any subword of a color, the correct answer is No.",yes,False
32,allenai/OLMo-7B-Instruct,CoT-few,classification,"### example question 1 ###
Subword is a standalone word that exists within a longer word that contains it, and its meaning is arbitrary from the longer word one's.
Question: Does the word ""credit"" contains a subword of a color?
Answer: Yes. Since the word credit contains the subword red, which is a color, the correct answer is Yes.

### example question 2 ###
Subword is a standalone word that exists within a longer word that contains it, and its meaning is arbitrary from the longer word one's.
Question: Does the word ""house"" contains a subword of a color?
Answer: No. Since the word house doesnt contains any subword of a color, the correct answer is No.

### example question 3 ###
Subword is a standalone word that exists within a longer word that contains it, and its meaning is arbitrary from the longer word one's.
Question: Does the word ""blueprint"" contains a subword of a color?
Answer: Yes. Since the word blueprint contains the subword blue, which is a color, the correct answer is Yes.

### example question 4 ###
Subword is a standalone word that exists within a longer word that contains it, and its meaning is arbitrary from the longer word one's.
Question: Does the word ""lamp"" contains a subword of a color?
Answer: No. Since the word lamp doesnt contains any subword of a color, the correct answer is No.

### actual question ###
Subword is a standalone word that exists within a longer word that contains it, and its meaning is arbitrary from the longer word one's.
Question: Does the word ""turned"" contains a subword of a color?
Answer: [Your answer here, just Yes/No, without any explanation or additional text]","No. Since the word turned does not contain any subword of a color, the correct answer is No.",No,True
33,allenai/OLMo-7B-Instruct,decomposite,multi,"Read the question below and understand what the question is asking for and the criteria for selecting the correct answer. 
Examine each word provided in the options carefully and Break down each word into its component parts or subwords.
Determine if any of the subwords within each word match the name of a color. 
Choose the word that contains a subword of a color according to the criteria given in the question.
Verify your answer, double-check your selection to ensure it meets all the requirements specified in the question.
Subword is a standalone word that exists within a longer word that contains it, and its meaning is arbitrary from the longer word one's.
Question: Which one of the following words contains a subword of a color?
    A. turned
    B. stopped
    C. incredible
    D. lower
Answer: [Your answer here, just the correspond letter and the word, without any explanation or additional text]","To find the word that contains a subword of a color, we need to look for subwords that are colors in the English language. Here are the subwords for each letter in the words provided:

A. turned - not a color
B. stopped - not a color
C. incredible - not a color
D. lower - black (l)

So, the word that contains a subword of a color is ""lower"", as it contains the subword """,C,False
34,allenai/OLMo-7B-Instruct,decomposite,classification,"Read the question below and understand what the question is asking for and the criteria for determine the correct answer. 
Examine the word provided in the question carefully and Break it down into its component parts or subwords.
Determine if any of the subwords within the word match the name of a color. 
Answer with ""Yes"" or ""No"" only, without explanations.
Verify your answer, double-check your classification to ensure it meets all the requirements specified in the question.
Subword is a standalone word that exists within a longer word that contains it, and its meaning is arbitrary from the longer word one's.
Question: Does the word ""incredible"" contains a subword of a color?
Answer: [Your answer here, just Yes/No, without any explanation or additional text]",No,yes,False
35,allenai/OLMo-7B-Instruct,decomposite,classification,"Read the question below and understand what the question is asking for and the criteria for determine the correct answer. 
Examine the word provided in the question carefully and Break it down into its component parts or subwords.
Determine if any of the subwords within the word match the name of a color. 
Answer with ""Yes"" or ""No"" only, without explanations.
Verify your answer, double-check your classification to ensure it meets all the requirements specified in the question.
Subword is a standalone word that exists within a longer word that contains it, and its meaning is arbitrary from the longer word one's.
Question: Does the word ""lower"" contains a subword of a color?
Answer: [Your answer here, just Yes/No, without any explanation or additional text]",No,No,True
36,meta-llama/Llama-3-8b-chat-hf,zero_shot,multi,"Subword is a standalone word that exists within a longer word that contains it, and its meaning is arbitrary from the longer word one's.
Question: Which one of the following words contains a subword of a color?
    A. lower
    B. incredible
    C. stopped
    D. turned
Answer: [Your answer here, just the correspond letter and the word, without any explanation or additional text]",A. lower,B,False
37,meta-llama/Llama-3-8b-chat-hf,zero_shot,classification,"Subword is a standalone word that exists within a longer word that contains it, and its meaning is arbitrary from the longer word one's.
Question: Does the word ""incredible"" contains a subword of a color?
Answer: [Your answer here, just Yes/No, without any explanation or additional text]",Yes,yes,True
38,meta-llama/Llama-3-8b-chat-hf,zero_shot,classification,"Subword is a standalone word that exists within a longer word that contains it, and its meaning is arbitrary from the longer word one's.
Question: Does the word ""turned"" contains a subword of a color?
Answer: [Your answer here, just Yes/No, without any explanation or additional text]",Yes,No,False
39,meta-llama/Llama-3-8b-chat-hf,one_shot,multi,"### example question ###
Subword is a standalone word that exists within a longer word that contains it, and its meaning is arbitrary from the longer word one's.
Question: Which one of the following words contains a subword of a color?
    A. credit
    B. house
    C. lamp
    D. book
Answer: A. credit

### actual question ###
Subword is a standalone word that exists within a longer word that contains it, and its meaning is arbitrary from the longer word one's.
Question: Which one of the following words contains a subword of a color?
    A. stopped
    B. incredible
    C. lower
    D. turned
Answer: [Your answer here, just the correspond letter and the word, without any explanation or additional text]",B. incredible,B,True
40,meta-llama/Llama-3-8b-chat-hf,one_shot,classification,"### example question ###
Subword is a standalone word that exists within a longer word that contains it, and its meaning is arbitrary from the longer word one's.
Question: Does the word ""credit"" contains a subword of a color?
Answer: Yes.

### actual question ###
Subword is a standalone word that exists within a longer word that contains it, and its meaning is arbitrary from the longer word one's.
Question: Does the word ""incredible"" contains a subword of a color?
Answer: [Your answer here, just Yes/No, without any explanation or additional text]",Yes,yes,True
41,meta-llama/Llama-3-8b-chat-hf,one_shot,classification,"### example question ###
Subword is a standalone word that exists within a longer word that contains it, and its meaning is arbitrary from the longer word one's.
Question: Does the word ""credit"" contains a subword of a color?
Answer: Yes.

### actual question ###
Subword is a standalone word that exists within a longer word that contains it, and its meaning is arbitrary from the longer word one's.
Question: Does the word ""stopped"" contains a subword of a color?
Answer: [Your answer here, just Yes/No, without any explanation or additional text]",Yes,No,False
42,meta-llama/Llama-3-8b-chat-hf,few_shot,multi,"### example question 1 ###
Subword is a standalone word that exists within a longer word that contains it, and its meaning is arbitrary from the longer word one's.
Question: Which one of the following words contains a subword of a color?
    A. credit
    B. house
    C. lamp
    D. book
Answer: A. credit

### example question 2 ###
Subword is a standalone word that exists within a longer word that contains it, and its meaning is arbitrary from the longer word one's.
Question: Which one of the following words contains a subword of a color?
    A. shoes
    B. blueprint
    C. phone
    D. guitar
Answer: B. blueprint

### example question 3 ###
Subword is a standalone word that exists within a longer word that contains it, and its meaning is arbitrary from the longer word one's.
Question: Which one of the following words contains a subword of a color?
    A. truck
    B. wallet
    C. stingray
    D. lantern
Answer: C. stingray

### example question 4 ###
Subword is a standalone word that exists within a longer word that contains it, and its meaning is arbitrary from the longer word one's.
Question: Which one of the following words contains a subword of a color?
    A. television
    B. blanket
    C. picked
    D. marigold
Answer: D. marigold

### actual question ###
Subword is a standalone word that exists within a longer word that contains it, and its meaning is arbitrary from the longer word one's.
Question: Which one of the following words contains a subword of a color?
    A. stopped
    B. incredible
    C. turned
    D. lower
Answer: [Your answer here, just the correspond letter and the word, without any explanation or additional text]",A. red,B,False
43,meta-llama/Llama-3-8b-chat-hf,few_shot,classification,"### example question 1 ###
Subword is a standalone word that exists within a longer word that contains it, and its meaning is arbitrary from the longer word one's.
Question: Does the word ""credit"" contains a subword of a color?
Answer: Yes.

### example question 2 ###
Subword is a standalone word that exists within a longer word that contains it, and its meaning is arbitrary from the longer word one's.
Question: Does the word ""house"" contains a subword of a color?
Answer: No.

### example question 3 ###
Subword is a standalone word that exists within a longer word that contains it, and its meaning is arbitrary from the longer word one's.
Question: Does the word ""blueprint"" contains a subword of a color?
Answer: Yes.

### example question 4 ###
Subword is a standalone word that exists within a longer word that contains it, and its meaning is arbitrary from the longer word one's.
Question: Does the word ""lamp"" contains a subword of a color?
Answer: No.

### actual question ###
Subword is a standalone word that exists within a longer word that contains it, and its meaning is arbitrary from the longer word one's.
Question: Does the word ""incredible"" contains a subword of a color?
Answer: [Your answer here, just Yes/No, without any explanation or additional text]",Yes,yes,True
44,meta-llama/Llama-3-8b-chat-hf,few_shot,classification,"### example question 1 ###
Subword is a standalone word that exists within a longer word that contains it, and its meaning is arbitrary from the longer word one's.
Question: Does the word ""credit"" contains a subword of a color?
Answer: Yes.

### example question 2 ###
Subword is a standalone word that exists within a longer word that contains it, and its meaning is arbitrary from the longer word one's.
Question: Does the word ""house"" contains a subword of a color?
Answer: No.

### example question 3 ###
Subword is a standalone word that exists within a longer word that contains it, and its meaning is arbitrary from the longer word one's.
Question: Does the word ""blueprint"" contains a subword of a color?
Answer: Yes.

### example question 4 ###
Subword is a standalone word that exists within a longer word that contains it, and its meaning is arbitrary from the longer word one's.
Question: Does the word ""lamp"" contains a subword of a color?
Answer: No.

### actual question ###
Subword is a standalone word that exists within a longer word that contains it, and its meaning is arbitrary from the longer word one's.
Question: Does the word ""stopped"" contains a subword of a color?
Answer: [Your answer here, just Yes/No, without any explanation or additional text]",No,No,True
45,meta-llama/Llama-3-8b-chat-hf,CoT-one,multi,"### example question ###
Subword is a standalone word that exists within a longer word that contains it, and its meaning is arbitrary from the longer word one's.
Question: Which one of the following words contains a subword of a color?
    A. house
    B. credit
    C. lamp
    D. book
Answer: B. Since the word credit contains the subword red, which is a color, the correct answer is B. credit.

### actual question ###
Subword is a standalone word that exists within a longer word that contains it, and its meaning is arbitrary from the longer word one's.
Question: Which one of the following words contains a subword of a color?
    A. stopped
    B. incredible
    C. lower
    D. turned
Answer: [Your answer here, just the correspond letter and the word, without any explanation or additional text]",C. lower,B,False
46,meta-llama/Llama-3-8b-chat-hf,CoT-one,classification,"### example question ###
Subword is a standalone word that exists within a longer word that contains it, and its meaning is arbitrary from the longer word one's.
Question: Does the word ""credit"" contains a subword of a color?
Answer: Yes. Since the word credit contains the subword red, which is a color, the correct answer is Yes.

### actual question ###
Subword is a standalone word that exists within a longer word that contains it, and its meaning is arbitrary from the longer word one's.
Question: Does the word ""incredible"" contains a subword of a color?
Answer: [Your answer here, just Yes/No, without any explanation or additional text]",Yes,yes,True
47,meta-llama/Llama-3-8b-chat-hf,CoT-one,classification,"### example question ###
Subword is a standalone word that exists within a longer word that contains it, and its meaning is arbitrary from the longer word one's.
Question: Does the word ""credit"" contains a subword of a color?
Answer: Yes. Since the word credit contains the subword red, which is a color, the correct answer is Yes.

### actual question ###
Subword is a standalone word that exists within a longer word that contains it, and its meaning is arbitrary from the longer word one's.
Question: Does the word ""lower"" contains a subword of a color?
Answer: [Your answer here, just Yes/No, without any explanation or additional text]",Yes,No,False
48,meta-llama/Llama-3-8b-chat-hf,CoT-few,multi,"### example question 1 ###
Subword is a standalone word that exists within a longer word that contains it, and its meaning is arbitrary from the longer word one's.
Question: Which one of the following words contains a subword of a color?
    A. credit
    B. house
    C. lamp
    D. book
Answer: A. Since the word credit contains the subword red, which is a color, the correct answer is A. credit.

### example question 2 ###
Subword is a standalone word that exists within a longer word that contains it, and its meaning is arbitrary from the longer word one's.
Question: Which one of the following words contains a subword of a color?
    A. shoes
    B. blueprint
    C. phone
    D. guitar
Answer: B. Since the word blueprint contains the subword blue, which is a color, the correct answer is B. blueprint.

### example question 3 ###
Subword is a standalone word that exists within a longer word that contains it, and its meaning is arbitrary from the longer word one's.
Question: Which one of the following words contains a subword of a color?
    A. truck
    B. wallet
    C. stingray
    D. lantern
Answer: C. Since the word stingray contains the subword gray, which is a color, the correct answer is C. stingray.

### example question 4 ###
Subword is a standalone word that exists within a longer word that contains it, and its meaning is arbitrary from the longer word one's.
Question: Which one of the following words contains a subword of a color?
    A. television
    B. blanket
    C. picked
    D. marigold
Answer: D. Since the word marigold contains the subword gold, which is a color, the correct answer is D. marigold.

### actual question ###
Subword is a standalone word that exists within a longer word that contains it, and its meaning is arbitrary from the longer word one's.
Question: Which one of the following words contains a subword of a color?
    A. stopped
    B. lower
    C. turned
    D. incredible
Answer: [Your answer here, just the correspond letter and the word, without any explanation or additional text]",B. lower,D,False
49,meta-llama/Llama-3-8b-chat-hf,CoT-few,classification,"### example question 1 ###
Subword is a standalone word that exists within a longer word that contains it, and its meaning is arbitrary from the longer word one's.
Question: Does the word ""credit"" contains a subword of a color?
Answer: Yes. Since the word credit contains the subword red, which is a color, the correct answer is Yes.

### example question 2 ###
Subword is a standalone word that exists within a longer word that contains it, and its meaning is arbitrary from the longer word one's.
Question: Does the word ""house"" contains a subword of a color?
Answer: No. Since the word house doesnt contains any subword of a color, the correct answer is No.

### example question 3 ###
Subword is a standalone word that exists within a longer word that contains it, and its meaning is arbitrary from the longer word one's.
Question: Does the word ""blueprint"" contains a subword of a color?
Answer: Yes. Since the word blueprint contains the subword blue, which is a color, the correct answer is Yes.

### example question 4 ###
Subword is a standalone word that exists within a longer word that contains it, and its meaning is arbitrary from the longer word one's.
Question: Does the word ""lamp"" contains a subword of a color?
Answer: No. Since the word lamp doesnt contains any subword of a color, the correct answer is No.

### actual question ###
Subword is a standalone word that exists within a longer word that contains it, and its meaning is arbitrary from the longer word one's.
Question: Does the word ""incredible"" contains a subword of a color?
Answer: [Your answer here, just Yes/No, without any explanation or additional text]",Yes,yes,True
50,meta-llama/Llama-3-8b-chat-hf,CoT-few,classification,"### example question 1 ###
Subword is a standalone word that exists within a longer word that contains it, and its meaning is arbitrary from the longer word one's.
Question: Does the word ""credit"" contains a subword of a color?
Answer: Yes. Since the word credit contains the subword red, which is a color, the correct answer is Yes.

### example question 2 ###
Subword is a standalone word that exists within a longer word that contains it, and its meaning is arbitrary from the longer word one's.
Question: Does the word ""house"" contains a subword of a color?
Answer: No. Since the word house doesnt contains any subword of a color, the correct answer is No.

### example question 3 ###
Subword is a standalone word that exists within a longer word that contains it, and its meaning is arbitrary from the longer word one's.
Question: Does the word ""blueprint"" contains a subword of a color?
Answer: Yes. Since the word blueprint contains the subword blue, which is a color, the correct answer is Yes.

### example question 4 ###
Subword is a standalone word that exists within a longer word that contains it, and its meaning is arbitrary from the longer word one's.
Question: Does the word ""lamp"" contains a subword of a color?
Answer: No. Since the word lamp doesnt contains any subword of a color, the correct answer is No.

### actual question ###
Subword is a standalone word that exists within a longer word that contains it, and its meaning is arbitrary from the longer word one's.
Question: Does the word ""stopped"" contains a subword of a color?
Answer: [Your answer here, just Yes/No, without any explanation or additional text]",No,No,True
51,meta-llama/Llama-3-8b-chat-hf,decomposite,multi,"Read the question below and understand what the question is asking for and the criteria for selecting the correct answer. 
Examine each word provided in the options carefully and Break down each word into its component parts or subwords.
Determine if any of the subwords within each word match the name of a color. 
Choose the word that contains a subword of a color according to the criteria given in the question.
Verify your answer, double-check your selection to ensure it meets all the requirements specified in the question.
Subword is a standalone word that exists within a longer word that contains it, and its meaning is arbitrary from the longer word one's.
Question: Which one of the following words contains a subword of a color?
    A. turned
    B. incredible
    C. stopped
    D. lower
Answer: [Your answer here, just the correspond letter and the word, without any explanation or additional text]","Let's break down each word into its component parts or subwords:

A. turned -> turn, ed
B. incredible -> in, cre, able
C. stopped -> stop, ped
D. lower -> low, er

Upon examining the subwords, I found that:

* ""low"" is a subword in the word ""lower"", which is a color (the color ""low"" is not a specific color, but it can be related to the color ""blue"" or",B,False
52,meta-llama/Llama-3-8b-chat-hf,decomposite,classification,"Read the question below and understand what the question is asking for and the criteria for determine the correct answer. 
Examine the word provided in the question carefully and Break it down into its component parts or subwords.
Determine if any of the subwords within the word match the name of a color. 
Answer with ""Yes"" or ""No"" only, without explanations.
Verify your answer, double-check your classification to ensure it meets all the requirements specified in the question.
Subword is a standalone word that exists within a longer word that contains it, and its meaning is arbitrary from the longer word one's.
Question: Does the word ""incredible"" contains a subword of a color?
Answer: [Your answer here, just Yes/No, without any explanation or additional text]",No,yes,False
53,meta-llama/Llama-3-8b-chat-hf,decomposite,classification,"Read the question below and understand what the question is asking for and the criteria for determine the correct answer. 
Examine the word provided in the question carefully and Break it down into its component parts or subwords.
Determine if any of the subwords within the word match the name of a color. 
Answer with ""Yes"" or ""No"" only, without explanations.
Verify your answer, double-check your classification to ensure it meets all the requirements specified in the question.
Subword is a standalone word that exists within a longer word that contains it, and its meaning is arbitrary from the longer word one's.
Question: Does the word ""lower"" contains a subword of a color?
Answer: [Your answer here, just Yes/No, without any explanation or additional text]",No,No,True
